lemma,id_slovo
.,1
",",2
@,3
bÃ½t,4
:,5
ten,6
a,7
se,8
na,9
v,10
Okamura,11
Tomio,12
prostÅ™ednictvÃ­,13
YouTube,14
?,15
Å¾e,16
jÃ¡,17
mÃ­t,18
"""",19
on,20
s,21
ale,22
z,23
o,24
za,25
do,26
tak,27
_,28
!,29
),30
co,31
uÅ¾,32
kterÃ½,33
SPD,34
-,35
kdyÅ¾,36
moci,37
mÅ¯j,38
pro,39
chtÃ­t,40
ÄlovÄ›k,41
aby,42
ne,43
#,44
i,45
jako,46
k,47
PREZIDENTmluvci,48
vÅ¡echen,49
ÄeskÃ½,50
BabiÅ¡,51
jak,52
Zeman,53
jen,54
ÄŒR,55
muset,56
rok,57
takÃ©,58
ty,59
AndrejBabis,60
prezident,61
tam,62
vÄ›dÄ›t,63
svÅ¯j,64
dnes,65
Å™Ã­ci,66
jeÅ¡tÄ›,67
od,68
(,69
vlÃ¡da,70
po,71
kdo,72
hodnÄ›,73
volba,74
podle,75
ano,76
pan,77
politika,78
EU,79
nebo,80
asi,81
dalÅ¡Ã­,82
jeho,83
dobrÃ½,84
jeden,85
Posledniskaut,86
nÄ›kdo,87
proti,88
tady,89
Å™Ã­kat,90
stÃ¡t,91
;,92
u,93
dÄ›lat,94
jÃ­t,95
protoÅ¾e,96
neÅ¾,97
dÃ¡t,98
strana,99
proÄ,100
velkÃ½,101
Andrej,102
ani,103
1,104
migrant,105
aÅ¾,106
teÄ,107
televize,108
tenhle,109
tento,110
jo,111
pÅ™ed,112
snÄ›movna,113
hnutÃ­,114
den,115
moc,116
jinÃ½,117
takovÃ½,118
kde,119
takÅ¾e,120
kaÅ¾dÃ½,121
politickÃ½,122
prÃ¡vÄ›,123
BlanikZ,124
zprÃ¡va,125
fakt,126
bez,127
celÃ½,128
dobÅ™e,129
novÃ½,130
obÄan,131
mezi,132
nÄ›jakÃ½,133
kvÅ¯li,134
myslit,135
zÃ¡kon,136
2,137
ÄŒSSD,138
nÄ›co,139
no,140
pak,141
vidÄ›t,142
zemÄ›,143
24,144
islÃ¡mskÃ½,145
podpora,146
prvnÃ­,147
rÃ¡d,148
Evropa,149
poslanec,150
republika,151
dostat,152
pravda,153
%,154
referendum,155
zase,156
hrad,157
nic,158
pÅ™ijÃ­t,159
ÄŒech,160
pÅ™i,161
problÃ©m,162
voliÄ,163
druhÃ½,164
slovo,165
dva,166
evropskÃ½,167
islÃ¡m,168
penÃ­ze,169
cz,170
dÃ­tÄ›,171
doba,172
mluvit,173
OvÄÃ¡Äek,174
Praha,175
Sobotka,176
stÃ¡tnÃ­,177
video,178
imigrant,179
kdy,180
proto,181
takhle,182
/,183
Äas,184
najÃ­t,185
nikdy,186
podporovat,187
rozhovor,188
Å¾Ã¡dnÃ½,189
Å¾ena,190
koneÄnÄ›,191
ministr,192
nÃ¡vrh,193
plat,194
poslednÃ­,195
prosazovat,196
zaÄÃ­t,197
jestli,198
MiloÅ¡,199
pokud,200
projev,201
tÅ™eba,202
tvÅ¯j,203
udÄ›lat,204
ÄŒT,205
demokracie,206
psÃ¡t,207
stejnÄ›,208
vÄera,209
aspoÅˆ,210
CZ,211
firma,212
jakÃ½,213
kolik,214
nad,215
prostÄ›,216
rodina,217
senÃ¡t,218
Jan,219
myslet,220
politik,221
premiÃ©r,222
prÃ½,223
volebnÃ­,224
vypadat,225
1967,226
fotka,227
JaroslavKmenta,228
kampaÅˆ,229
Midlinka,230
mÃ­sto,231
nikdo,232
prÃ¡vo,233
seznam,234
snad,235
3,236
Älen,237
jenom,238
Å™eÅ¡enÃ­,239
vysÃ­lÃ¡nÃ­,240
Å¾ivot,241
2017,242
dneÅ¡nÃ­,243
facebook,244
JosefKokta,245
malÃ½,246
miliÃ³n,247
prÃ¡ce,248
tisÃ­c,249
TomZdechovsky,250
volit,251
znamenat,252
jantvrdon,253
migrace,254
miliarda,255
program,256
Å¡patnÃ½,257
vÄ›c,258
vystoupenÃ­,259
â€“,260
10,261
Agrofert,262
BabiÅ¡Å¯v,263
sÃ¡m,264
vÅ¯bec,265
4,266
dÃ¡vat,267
dlouho,268
hned,269
jenÅ¾,270
kandidovat,271
mÃ©dium,272
odmÃ­tat,273
pod,274
podpoÅ™it,275
poÅ™Ã¡d,276
sluÅ¡nÃ½,277
tÅ™i,278
5,279
chÃ¡pat,280
debata,281
dÄ›kovat,282
jedinÃ½,283
kraj,284
nÃ¡zor,285
pÅ™Ã¡t,286
pÅ™Ã­mÃ½,287
rozpoÄet,288
Å¡kola,289
vium,290
aÅ¥,291
boj,292
jindrichsidlo,293
Klaus,294
MJureka,295
pÅ™edseda,296
svoboda,297
ÃºplnÄ›,298
vlÃ¡dnÃ­,299
ct,300
D,301
DVTVcz,302
EET,303
hrÃ¡t,304
JiÅ™Ã­,305
kandidÃ¡t,306
kdyby,307
konec,308
nÃ¡rod,309
nÃ¡rodnÃ­,310
panÃ­,311
potÅ™eba,312
potÅ™ebovat,313
Soukup,314
tÃ½den,315
VacDol,316
zÃ¡jem,317
zive,318
zmÄ›na,319
hodina,320
jindrichsidnout,321
lÃ­bit,322
mÄ›sto,323
opravdu,324
radÄ›ji,325
Simindr,326
skvÄ›lÃ½,327
staÄit,328
stejnÃ½,329
Ãºsvit,330
vadit,331
veÅ™ejnÃ½,332
vÄ›Å™it,333
zbraÅˆ,334
100,335
7,336
Äekat,337
informace,338
jinak,339
jmÃ©no,340
konference,341
Le,342
oko,343
otÃ¡zka,344
pomÃ¡hat,345
sociÃ¡lnÃ­,346
ukÃ¡zat,347
Ãºtok,348
vemenotydnout,349
vÃ½sledek,350
vzÃ­t,351
2018,352
funkce,353
jantvrdo,354
jednÃ¡nÃ­,355
jednou,356
jet,357
mnoho,358
navrhovat,359
nÄ›jak,360
obÄ›Å¥,361
odpovÄ›dnost,362
pÃ¡r,363
Petr,364
pÅ™esnÄ›,365
sedÄ›t,366
stara,367
vÃ¡lka,368
',369
brzy,370
ÄÃ­st,371
FilipHorka,372
hlava,373
JaromÃ­r,374
koalice,375
mÃ¡lo,376
napsat,377
nÄ›kterÃ½,378
ODS,379
opÄ›t,380
PavelBelobradek,381
pÅ™Ã­Å¡tÃ­,382
rozhodnout,383
samozÅ™ejmÄ›,384
svÄ›t,385
trochu,386
vysokÃ½,387
zÃ¡kaz,388
*,389
bezpeÄnostnÃ­,390
cesta,391
d,392
moÅ¾nÃ¡,393
nechat,394
povaÅ¾ovat,395
praÅ¾skÃ½,396
Rusko,397
sledovat,398
systÃ©m,399
teda,400
ukazovat,401
vlastnÄ›,402
vÃ½rok,403
x,404
zajÃ­mat,405
zjistit,406
50,407
6,408
AlexandrMitrof,409
brÃ¡t,410
doufat,411
duel,412
dÅ¯leÅ¾itÃ½,413
hlavnÄ›,414
hranice,415
jezdit,416
mladÃ½,417
mrzout,418
nÃ¡silÃ­,419
patÅ™it,420
platit,421
PolitickyBizar,422
pÅ™ece,423
pÅ™es,424
rada,425
Å¡Ã©f,426
souhlasit,427
terorista,428
vÃ­tÄ›zstvÃ­,429
zÃ¡pas,430
zas,431
zrovna,432
â€,433
20,434
2016,435
Barrandov,436
bÃ¡t,437
ÄlÃ¡nek,438
daÅˆ,439
dÃ­vat,440
dost,441
fotbal,442
jasnÄ›,443
Kalousek,444
klub,445
Marine,446
NÄ›mecko,447
obec,448
pen,449
petice,450
ruka,451
setkÃ¡nÃ­,452
sice,453
tedy,454
tolik,455
Tomia,456
Trump,457
VÃ¡clav,458
zÃ¡konnÃ½,459
zatÃ­m,460
zcela,461
Å¾Ã­t,462
zkusit,463
â€œ,464
â€,465
Brno,466
cena,467
chovanec,468
Havel,469
hokej,470
JakubJand,471
jasnÃ½,472
jiri,473
jmenovat,474
kluk,475
koupit,476
leÅ¾,477
michat,478
naprosto,479
pamÃ¡tka,480
pamatovat,481
pÃ¡n,482
parlament,483
pochopit,484
podepsat,485
podnÄ›t,486
policie,487
Å™eÅ¡it,488
sÃ­la,489
skonÄit,490
urÄitÄ›,491
USA,492
uvÄ›Å™itelnÃ½,493
videit,494
vÃ½roÄÃ­,495
zaplatit,496
akce,497
area,498
armÃ¡da,499
Äi,500
demonstrace,501
dÃ­ky,502
dneska,503
dÅ¯chod,504
dÅ¯vod,505
existovat,506
hezkÃ½,507
hlas,508
hnÃ­zdo,509
kalousekm`kilometr,510
komentÃ¡Å™,511
kontrola,512
mÄ›sÃ­c,513
mÃ­stnÃ­,514
mluvÄÃ­,515
muslim,516
nabÃ­rat,517
nominace,518
pouze,519
pÅ™estat,520
PÅ™idal,521
projÃ­t,522
robertzaruba,523
ruskÃ½,524
senÃ¡tor,525
spoleÄnost,526
starÃ½,527
the,528
udÃ¡lost,529
umÄ›t,530
vyhrÃ¡t,531
zak,532
zÃ¡klad,533
zapomenout,534
12,535
8,536
arÃ©na,537
chodit,538
chvÃ­le,539
diktÃ¡t,540
diskutovat,541
Eman,542
etabery,543
hlavnÃ­,544
kauza,545
KÄ,546
korupce,547
kultura,548
lhÃ¡t,549
MerkelovÃ¡,550
minuta,551
muslimskÃ½,552
mzda,553
nÄ›meckÃ½,554
novinÃ¡Å™,555
nutnÃ½,556
ostatnÃ­,557
ovÅ¡em,558
podÃ­vat,559
posÃ­lat,560
prezidentskÃ½,561
pÅ™ijÃ­mÃ¡nÃ­,562
pÅ™ipomenout,563
pÅ™ipomÃ­nat,564
prosit,565
skoro,566
smÄ›t,567
sprÃ¡vnÄ›,568
Tiskovka,569
tomio,570
twitter,571
tÃ½m,572
ÃºspÄ›ch,573
Veleba,574
vlastnÃ­,575
vnitro,576
voda,577
vraÅ¾da,578
vÅ¾dycky,579
YouTu,580
ZemanÅ¯v,581
zvÃ½Å¡enÃ­,582
19,583
akorÃ¡t,584
atmosfÃ©ra,585
bojovat,586
Brusel,587
chybÄ›t,588
ÄÃ­nskÃ½,589
David,590
DemagogCZ,591
dÃ­k,592
dotace,593
dovolit,594
echo,595
eura,596
FLutonsky,597
iDNEScz,598
islamista,599
kolo,600
KSÄŒM,601
kubik,602
ministerstvo,603
moÅ¾nÃ½,604
muÅ¾,605
NÄ›mec,606
neziskovek,607
normÃ¡lnÃ­,608
oba,609
odmÃ­tnout,610
odpovÄ›Ä,611
OKD,612
okundra,613
pÄ›knÃ½,614
PlzeÅˆ,615
pracovat,616
pÅ™Ã­mo,617
ptÃ¡t,618
rozhodnutÃ­,619
rozum,620
sankce,621
SlechtovaKarel,622
Å¡patnÄ›,623
stÃ¡le,624
terorismus,625
TvrdÃ­k,626
vedenÃ­,627
vÄ›tÅ¡ina,628
vybrat,629
zeptat,630
zpÅ¯sob,631
zruÅ¡it,632
30,633
9,634
auto,635
ÄŒapÃ­,636
CSSD,637
dÅ¯kaz,638
ekonomickÃ½,639
holka,640
in,641
JStredula,642
jsuchany,643
koruna,644
krÃ¡snÃ½,645
Milan,646
nÄ›kdy,647
number,648
OndrejKasik,649
Ostrava,650
pivo,651
poÄet,652
podvod,653
pokraÄovat,654
poÅ™ad,655
reakce,656
Reporter,657
rozdÃ­l,658
rÅ¯st,659
Å¡ance,660
skuteÄnÃ½,661
SobotkÅ¯v,662
sorry,663
souÄasnÃ½,664
Spd,665
titul,666
tweet,667
unie,668
uprchlÃ­k,669
veÄer,670
velmi,671
vemenÃ½,672
vlna,673
zaÄÃ­nat,674
Zeitung,675
Å¾ivnostnÃ­k,676
znÃ¡t,677
11,678
14,679
25,680
bÃ­lÃ½,681
bohuÅ¾el,682
daÅˆovÃ½,683
demise,684
drÅ¾enÃ­,685
fanouÅ¡ek,686
fungovat,687
HaÅ¡ek,688
hlasovÃ¡nÃ­,689
hlasovat,690
jednoduchÃ½,691
Kdyby,692
konÄit,693
KonviÄka,694
kromÄ›,695
listopad,696
mÃ­stopÅ™edseda,697
nauÄit,698
otevÅ™enÃ½,699
parlamentnÃ­,700
Pelta,701
poslankynÄ›,702
prchat,703
pÅ™edvolebnÃ­,704
pÅ™ijÃ­mat,705
pÅ™Ã­pad,706
Prosazovat,707
pustit,708
rozumÄ›t,709
Å¡koda,710
Slavia,711
smysl,712
spousta,713
spravedlnost,714
teror,715
titulek,716
vÄerejÅ¡Ã­,717
vÃ©st,718
vojÃ¡k,719
vymyslet,720
vysvÄ›tlit,721
zÃ¡sadnÃ­,722
zisk,723
zvolenÃ½,724
=,725
AB,726
africkÃ½,727
Aktualnecz,728
autor,729
bezpeÄnÃ½,730
bod,731
budoucnost,732
ÄŒechy,733
cenzura,734
Äesky,735
chudÃ¡k,736
ÄŒÃ­na,737
ÄtenÃ­,738
dojÃ­t,739
dozvÄ›dÄ›t,740
dÅ¯m,741
dÅ¯vÄ›ra,742
evidentnÄ›,743
faktum,744
geniÃ¡lnÃ­,745
hledat,746
hrdÃ½,747
jakÃ½koliv,748
jistÄ›,749
jiÅ¾,750
kandidÃ¡tka,751
levnÃ½,752
lidskÃ½,753
lze,754
mandÃ¡t,755
mediÃ¡lnÃ­,756
MynÃ¡Å™,757
naopak,758
napÅ™Ã­klad,759
nÃ¡zev,760
noviny,761
obyvatel,762
odbornÃ­k,763
odvolatelnost,764
OSN,765
osoba,766
oznÃ¡mit,767
pÃ¡le,768
pietnÃ­,769
pirÃ¡t,770
plnÃ½,771
poÄÃ­tat,772
podnikatel,773
podpis,774
pomoci,775
pondÄ›lÃ­,776
poslat,777
povÃ©st,778
pÅ™ijmout,779
prodat,780
prohlÃ¡sit,781
propagace,782
reportÃ¡Å¾,783
Å™Ã­dit,784
SlavekSobotek,785
slyÅ¡et,786
smrt,787
soud,788
spÃ­Å¡e,789
spolu,790
Å¡tÄ›stÃ­,791
takzvanÃ½,792
televiznÃ­,793
tiskovka,794
tomassyrovatka,795
totiÅ¾,796
Turecko,797
tvrdit,798
uctÃ­t,799
vÄ›ta,800
vÅ¯Äi,801
vyjÃ­t,802
Å¾Ã¡dat,803
zahalovÃ¡nÃ­,804
zÃ­skat,805
Zprava,806
28,807
abychom,808
aktuÃ¡lnÃ­,809
bezpeÄnost,810
Blanikz,811
brutÃ¡lnÃ­,812
bÃ½valÃ½,813
chlap,814
ÄlenstvÃ­,815
coÅ¾,816
dÃ¡le,817
daÅ™it,818
diskuse,819
dlouhÃ½,820
dluh,821
Donald,822
EmmigrantPanamo,823
faleÅ¡nÃ½,824
Fiala,825
finance,826
fotbalovÃ½,827
hmotnÃ½,828
hosekj,829
ideologie,830
ItÃ¡lie,831
Japonec,832
jednat,833
JelinekL,834
josefeff,835
kamarÃ¡d,836
kancelÃ¡Å™,837
kniha,838
komunista,839
kvÃ³ta,840
letos,841
lhÃ¡Å™,842
lidovec,843
LimberskÃ½,844
MaÄarsko,845
mezinÃ¡rodnÃ­,846
Michal,847
Morava,848
mozek,849
nacismus,850
nÃ¡hodou,851
naÅ¡tÄ›stÃ­,852
naÅ¾ivo,853
nejen,854
nÄ›kolik,855
objevit,856
obrana,857
obrovskÃ½,858
odvolÃ¡nÃ­,859
omezenÃ­,860
oslava,861
pakt,862
podaÅ™it,863
pohled,864
poÅ™Ã¡dek,865
povinnÃ½,866
PR,867
pravÃ½,868
pÅ™edstavit,869
pÅ™ijet,870
pÅ™Ã­tel,871
pÅ™iznat,872
Radiozurnal,873
Rath,874
Roman,875
samÃ½,876
schopnÃ½,877
Å kromach,878
slib,879
slovenskÃ½,880
sluÅ¾ba,881
soustrast,882
spoleÄnÃ½,883
sprÃ¡vnÃ½,884
svÄ›tovÃ½,885
TomDrahonovsky,886
trest,887
tÅ™etÃ­,888
uvÃ©st,889
ÃºzemÃ­,890
vÃ¡Å¾nÄ›,891
vÄ›novat,892
vliv,893
vÅ¡imnout,894
vstup,895
vyjÃ¡dÅ™it,896
vÅ¾dy,897
zakÃ¡zat,898
zamÄ›stnanec,899
zamÃ­tnout,900
zdravotnÃ­,901
znÃ­t,902
znovu,903
zÃºÄastnit,904
15,905
17,906
27,907
agent,908
alkohol,909
americkÃ½,910
aneb,911
b,912
bÄ›hem,913
blbost,914
brÃ¡nit,915
bÅ™ezen,916
Äasto,917
ÄernÃ½,918
chyba,919
chystat,920
ÄtyÅ™i,921
daleko,922
david,923
dÃ¡vka,924
divit,925
doÄkat,926
dojnice,927
DolejsJiri,928
dopis,929
DrahoÅ¡,930
drÅ¾et,931
ekonomika,932
Euro,933
faÅ¡ismus,934
foto,935
francouzskÃ½,936
globÃ¡lnÃ­,937
hejtman,938
historie,939
hodnota,940
Honzejk,941
hostzCLR,942
hovno,943
hra,944
hymna,945
imigraÄnÃ­,946
kam,947
Kamberak,948
kardinÃ¡l,949
Karel,950
KDU,951
klimes,952
komentovat,953
komise,954
krÃ¡tkÃ½,955
krize,956
lÃ¡ska,957
legÃ¡lnÃ­,958
liga,959
lÅ¾,960
majitel,961
manipulace,962
Marek,963
mimo,964
moÅ¾nost,965
naprostÃ½,966
navÃ­c,967
nÃ¡vÅ¡tÄ›va,968
nepÅ™Ã­tel,969
nÃ©st,970
odkaz,971
opakovanÄ›,972
osobnÄ›,973
palec,974
pÄ›t,975
poslaneckÃ½,976
poslouchat,977
post,978
postavit,979
postup,980
potom,981
potvrdit,982
pracovnÃ­,983
pÅ™emÃ½Å¡let,984
pÅ™ijetÃ­,985
pÅ™Ã­znivec,986
pÅ™izpÅ¯sobivÃ½,987
prÅ¯zkum,988
Putin,989
realita,990
rekordnÃ­,991
situace,992
skandÃ¡lnÃ­,993
Å¡kolstvÃ­,994
skupina,995
slavit,996
smlouva,997
soutÄ›Å¾,998
stav,999
stÄ›Å¾ovat,1000
stÅ™et,1001
super,1002
svÃ¡tek,1003
svatÃ½,1004
Svoboda,1005
svobodnÃ½,1006
tajnÃ½,1007
tentokrÃ¡t,1008
tÄ›Å¡it,1009
tiskovÃ½,1010
tradice,1011
trestnÃ­,1012
trvat,1013
tvÃ¡Å™it,1014
vÃ­tÄ›z,1015
vlÃ¡dnout,1016
volat,1017
volnÃ½,1018
vrÃ¡tit,1019
vydÃ¡nÃ­,1020
vyzvat,1021
zadarmo,1022
zahraniÄÃ­,1023
zÃ¡roveÅˆ,1024
zaslouÅ¾it,1025
zastavit,1026
zÃ¡stupce,1027
znÃ¡silnit,1028
007,1029
13,1030
200,1031
2013,1032
2015,1033
22,1034
37,1035
abbartos,1036
agentura,1037
blbec,1038
blesk,1039
bratr,1040
ÄÃ¡st,1041
Cerha,1042
ÄŒesko,1043
ÄeÅ¡tina,1044
Chovanec,1045
chudÃ½,1046
cizinec,1047
ÄŒSL,1048
dÃ¡vno,1049
debil,1050
dennÄ›,1051
dohoda,1052
dokonce,1053
doktor,1054
domluvit,1055
dovolenÃ¡,1056
drahÃ½,1057
dÅ¯chodce,1058
expert,1059
Facebook,1060
FaltÃ½nek,1061
financovÃ¡nÃ­,1062
fÃ³rum,1063
Francie,1064
HavÃ­Å™ov,1065
Hitler,1066
islamizace,1067
Ivan,1068
jistota,1069
kdybyste,1070
KlokÃ¡nek,1071
km`kilometr,1072
komunÃ¡lnÃ­,1073
korektnÃ­,1074
krev,1075
krok,1076
kupovat,1077
lidovka,1078
lÃ­dr,1079
logika,1080
M,1081
m`metr,1082
manÅ¾elka,1083
migraÄnÃ­,1084
minimÃ¡lnÃ­,1085
nÃ¡hrada,1086
NATO,1087
nedÄ›le,1088
nemocnice,1089
nemocnÃ½,1090
neustÃ¡le,1091
noc,1092
Nova,1093
nulovÃ½,1094
ochrana,1095
odejÃ­t,1096
ohlednÄ›,1097
ohroÅ¾ovat,1098
opakovat,1099
OrbÃ¡n,1100
organizace,1101
ostuda,1102
OtazkyVM,1103
otec,1104
pÃ¡tek,1105
plnÄ›,1106
podnikat,1107
podobnÃ½,1108
politicky,1109
poprvÃ©,1110
pouÅ¾Ã­t,1111
pozvÃ¡nka,1112
pÅ™edstavovat,1113
pÅ™Ã­jem,1114
probÄ›hnout,1115
probruselskÃ½,1116
projekt,1117
prosadit,1118
prÅ¯ser,1119
RadimFialacz,1120
radost,1121
Å™editel,1122
rezignovat,1123
rozhlas,1124
Rus,1125
schopnost,1126
schÅ¯ze,1127
selhÃ¡nÃ­,1128
Skopecek,1129
slavnÃ½,1130
Slovensko,1131
snaÅ¾it,1132
spoluprÃ¡ce,1133
stadiÃ³n,1134
stanovisko,1135
stihnout,1136
Telicko,1137
tÃ©ma,1138
teroristickÃ½,1139
tolerance,1140
tÅ™Ã­da,1141
tvÃ¡Å™,1142
ÃºÄet,1143
ÃºÅ™ad,1144
ÃºroveÅˆ,1145
vÄetnÄ›,1146
vÄ›zenÃ­,1147
vÃ½chod,1148
vÃ½zva,1149
vzpomÃ­nka,1150
vztah,1151
zabÃ­t,1152
zahÃ¡jenÃ­,1153
zahraniÄnÃ­,1154
zamrazenÃ­,1155
zÃ¡sadnÄ›,1156
zavedenÃ­,1157
zdravÃ­,1158
zdroj,1159
Zemany,1160
zÃ­tra,1161
znÃ¡mÃ½,1162
zpÃ­vat,1163
ztratit,1164
zveÅ™ejnit,1165
zvÃ­Å™e,1166
ğŸ˜‰,1167
09,1168
18,1169
23,1170
35,1171
40,1172
9.2018,1173
abych,1174
akt,1175
arabskÃ½,1176
archiv,1177
argument,1178
be,1179
billboard,1180
blÃ­zkÃ½,1181
bojovnÃ­k,1182
bÅ¯h,1183
ÄeskoslovenskÃ½,1184
CRoPlus,1185
ÄŒuba,1186
demokrat,1187
dÄ›tskÃ½,1188
dÃ­l,1189
dÃ­t,1190
dneÅ¡ek,1191
Dominik,1192
domÅ¯,1193
dopadnout,1194
dostÃ¡vat,1195
dÅ¾ihÃ¡d,1196
euro,1197
existence,1198
FB,1199
Fera,1200
finanÄnÃ­,1201
fond,1202
ForbesCesko,1203
HamÃ¡Äek,1204
hlupÃ¡k,1205
hodit,1206
host,1207
hrozba,1208
hrozit,1209
imigrace,1210
investor,1211
jan,1212
JaroslavTvrdik,1213
jelikoÅ¾,1214
jenÅ¾e,1215
jinde,1216
jistÃ½,1217
kalous,1218
kanclÃ©Å™ka,1219
katastrofa,1220
Kdybych,1221
kdysi,1222
kmotr,1223
kokot,1224
kolej,1225
kometa,1226
kÅ™esÅ¥anskÃ½,1227
kulturnÃ­,1228
lÃ©kaÅ™,1229
letÃ¡k,1230
leÅ¾et,1231
lid,1232
likvidace,1233
LN,1234
loÄ,1235
logo,1236
mail,1237
majetek,1238
manÅ¾el,1239
marfliberecky,1240
Martin,1241
mÄ›nit,1242
MF,1243
Michael,1244
MichalKubal,1245
Miroslav,1246
morÃ¡lnÃ­,1247
MS,1248
nabÃ­dka,1249
nakonec,1250
napadat,1251
nÃ¡rÅ¯st,1252
nÃ¡vrat,1253
navrhnout,1254
noha,1255
nynÃ­,1256
obÄ›d,1257
oblÃ­benÃ½,1258
obvod,1259
odchod,1260
odvÃ¡Å¾nÃ½,1261
of,1262
oficiÃ¡lnÃ­,1263
Okamur,1264
oproti,1265
otÅ™esnÃ½,1266
ovce,1267
papÃ­r,1268
paulczynsk,1269
Pavel,1270
pÄ›knÄ›,1271
PetrHonzejk,1272
podat,1273
podmÃ­nka,1274
podraz,1275
pohoda,1276
pokus,1277
politickybizar,1278
poloÅ¾it,1279
pomoc,1280
potkat,1281
poznat,1282
pozvat,1283
pracujÃ­cÃ­,1284
pÅ™Ã¡nÃ­,1285
preference,1286
pÅ™enos,1287
pÅ™evzÃ­t,1288
pÅ™idat,1289
pÅ™ijatelnÃ½,1290
pÅ™Ã­leÅ¾itost,1291
pÅ™Ã­spÄ›vek,1292
pÅ™Ã­Å¡tÄ›,1293
pÅ™itom,1294
privatizace,1295
pÅ™iznÃ¡nÃ­,1296
propaganda,1297
prÅ¯mysl,1298
pÅ¯l,1299
Putina,1300
rÃ¡mec,1301
Å™eÄ,1302
reklama,1303
RekonstrukceCZ,1304
respekt,1305
RobejÅ¡ek,1306
Romancov,1307
rozhodÄÃ­,1308
rozsudek,1309
rÅ¯znÃ½,1310
SamkovÃ¡,1311
saradinpa,1312
schvÃ¡lit,1313
sdÃ­let,1314
senior,1315
show,1316
silnÃ½,1317
Å¡Ã­Å™it,1318
sjezd,1319
skandÃ¡l,1320
slepÃ½,1321
SlovÃ¡k,1322
sloÅ¾ka,1323
smÄ›r,1324
sobota,1325
soudce,1326
sport,1327
stan,1328
stavÄ›t,1329
stopa,1330
suverenita,1331
SÃ½rie,1332
Teplice,1333
top,1334
totÃ¡lnÃ­,1335
Trumpa,1336
tweeta,1337
ÃºÄastnÃ­k,1338
ukrÃ¡st,1339
umoÅ¾nit,1340
ÃºplnÃ½,1341
upÅ™Ã­mnÃ½,1342
ÃºÅ™ednÃ­k,1343
ÃºstavnÃ­,1344
velikonoce,1345
ven,1346
veÅ™ejnÄ›,1347
veselovskymum,1348
vlajka,1349
vlasteneckÃ½,1350
vlastenectvÃ­,1351
vyplatit,1352
vystoupit,1353
vyznamenÃ¡nÃ­,1354
weba,1355
Wilders,1356
zaÄÃ¡tek,1357
Å¾Ã¡dost,1358
zajÃ­mavÃ½,1359
zÃ¡kladnÃ­,1360
zaloÅ¾enÃ½,1361
zaloÅ¾it,1362
zastupitel,1363
ZdechovskÃ½,1364
Å¾enskÃ½,1365
zlatÃ½,1366
zmÄ›nit,1367
zoufalÃ½,1368
zÅ¯stat,1369
zvlÃ¡dnout,1370
zvolit,1371
zvyÅ¡ovÃ¡nÃ­,1372
â€¦,1373
02,1374
120,1375
168,1376
2011,1377
2014,1378
21,1379
26,1380
300,1381
70,1382
aktivnÃ­,1383
Alena,1384
AlexandrResko,1385
Andy,1386
anketa,1387
arogantnÃ­,1388
atd,1389
bacha,1390
bÃ¡snÃ­k,1391
BeneÅ¡Å¯v,1392
beseda,1393
bÄ›Å¾nÃ½,1394
blbÃ½,1395
blÃ­Å¾it,1396
blÃ­zko,1397
blok,1398
bota,1399
Brit,1400
buÄ,1401
BureÅ¡,1402
bÃ½vat,1403
byznys,1404
ÄŒD,1405
celkem,1406
ÄervenÃ½,1407
ÄŒeskoslovensko,1408
chovat,1409
chvilka,1410
chytrÃ½,1411
ÄŒÃ­Åˆan,1412
cÃ­rkev,1413
ÄÃ­slo,1414
cizÃ­,1415
ÄŒunek,1416
dÃ¡lnice,1417
dekret,1418
deset,1419
divadlo,1420
dluhopis,1421
dodrÅ¾ovat,1422
domÃ¡cÃ­,1423
dotaz,1424
DPH,1425
dÅ¯stojnÃ½,1426
DVTV,1427
e,1428
europoslance,1429
exekutor,1430
fandit,1431
faÅ¡ista,1432
fb,1433
Fico,1434
film,1435
Forejt,1436
fotbalista,1437
furt,1438
GajduskovaAlena,1439
GajduskÅ¯v,1440
had,1441
hÃ¡jit,1442
hezek,1443
historickÃ½,1444
hlÃ¡sit,1445
hloupÃ½,1446
hodnÃ½,1447
holt,1448
hrÃ¡Ä,1449
hrob,1450
Ing,1451
integrace,1452
internet,1453
invaze,1454
J,1455
janmolacek,1456
Japonsko,1457
JeÅ¡tÄ›Å¾e,1458
Jirka,1459
kalenskyj,1460
kaÅ¾dej,1461
Kazma,1462
klid,1463
konkrÃ©tnÄ›,1464
konkrÃ©tnÃ­,1465
konzervativnÃ­,1466
krÃ¡l,1467
krÃ¡st,1468
kritizovat,1469
KTweetovat,1470
letadlo,1471
Lidice,1472
lidovÃ½,1473
list,1474
lobbista,1475
LudekStanka,1476
marka,1477
martinivaio,1478
MFD,1479
Mgr,1480
Migrant,1481
milÃ½,1482
mimoÅ™Ã¡dnÃ½,1483
minulÃ½,1484
mirekgajak,1485
most,1486
motejlekcom,1487
MrÃ¡zek,1488
Mz,1489
nacista,1490
nadÃ¡le,1491
nadÃ¡vat,1492
nahoru,1493
nÃ¡kup,1494
nÃ¡pad,1495
napadnout,1496
napÅ™ed,1497
nedÃ¡vno,1498
nÄ›kam,1499
nÄ›kde,1500
nenÃ¡vist,1501
Nice,1502
nÃ­zkÃ½,1503
obava,1504
obÄas,1505
obchod,1506
obrÃ¡zek,1507
odmÄ›na,1508
odpovÃ­dat,1509
Odvolatelnost,1510
ohroÅ¾enÃ­,1511
okno,1512
Olomouc,1513
omluvit,1514
OndrÃ¡Äek,1515
onen,1516
osobnÃ­,1517
P,1518
pÃ¡lit,1519
parazit,1520
PavelSvoboda,1521
Pepo,1522
pes,1523
pÃ­Äovina,1524
pÃ­t,1525
plÃ¡n,1526
podnikÃ¡nÃ­,1527
policejnÃ­,1528
polovina,1529
populista,1530
poslednÄ›,1531
postoj,1532
pouÅ¡tÄ›t,1533
pouÅ¾Ã­vat,1534
povÃ­dat,1535
poÅ¾adovat,1536
pozitivnÃ­,1537
prach,1538
pÅ™Ã¡telskÃ½,1539
praxe,1540
prÃ¡zdnÃ½,1541
prdel,1542
prdlo,1543
pÅ™edevÅ¡Ã­m,1544
pÅ™edstava,1545
Prima,1546
projednÃ¡nÃ­,1547
prostor,1548
provÄ›rka,1549
provÃ©st,1550
provokace,1551
pryÄ,1552
Å™ada,1553
Radim,1554
Å™Ã¡dnÃ½,1555
Rakousko,1556
rÃ¡no,1557
rasista,1558
reÃ¡lnÃ½,1559
regionÃ¡lnÃ­,1560
retweet,1561
rezerva,1562
Å™Ã­jen,1563
Å™Ã­zenÃ­,1564
riziko,1565
Robert,1566
rovnou,1567
rozanka,1568
rozkaz,1569
RPelik,1570
schÅ¯zka,1571
sehnat,1572
selhat,1573
seminÃ¡Å™,1574
sen,1575
sestra,1576
sex,1577
Å¡Ã­lenÃ½,1578
Å¡irokÃ½,1579
slabÃ½,1580
slavnost,1581
Å lechtovÃ¡,1582
slouÅ¾it,1583
SmutnyTomas,1584
snaha,1585
snÃ­mek,1586
soudit,1587
Sparta,1588
spoleÄnÄ›,1589
sponzorovat,1590
sportCT,1591
spozemanovci,1592
sprÃ¡va,1593
srdce,1594
stavba,1595
StB,1596
strach,1597
student,1598
stydÄ›t,1599
takto,1600
technickÃ½,1601
tehdy,1602
teprve,1603
text,1604
tolerovat,1605
totalita,1606
tradiÄnÃ­,1607
transparentnÃ­,1608
trenka,1609
trÃ©novat,1610
tunel,1611
tureckÃ½,1612
tvrdÃ½,1613
Twitter,1614
Tydencz,1615
ÃºÄast,1616
uÄit,1617
Ãºcta,1618
ukradenÃ½,1619
Ãºmluva,1620
ÃºmrtÃ­,1621
uniknout,1622
upÅ™Ã­mnÄ›,1623
uÅ¡etÅ™it,1624
utratit,1625
uvÄ›domit,1626
uznat,1627
Vary,1628
vloni,1629
vojenskÃ½,1630
vÅ¡ak,1631
vÅ¯l,1632
vÃ½bornÄ›,1633
vydat,1634
vydÄ›lat,1635
vydrÅ¾et,1636
vyfotit,1637
vyhodit,1638
vyjÃ¡dÅ™enÃ­,1639
vylÃ©zt,1640
vylouÄit,1641
vymÃ½Å¡let,1642
vystupovat,1643
vysvÄ›tlovat,1644
vzhledem,1645
we,1646
zajÃ­t,1647
zakÃ¡zka,1648
Å¾alovat,1649
zastat,1650
zavÃ©st,1651
zÃ¡vislÃ½,1652
zÃ¡vod,1653
zÃ¡znam,1654
zbyteÄnÃ½,1655
zdÃ¡t,1656
zde,1657
zdravÃ½,1658
zelenÃ½,1659
Å¾Ã­Å¾at,1660
zkouÅ¡et,1661
zloÄin,1662
Å¾rÃ¡t,1663
zÅ™ejmÄ›,1664
zruÅ¡enÃ­,1665
zruÅ¡enÃ½,1666
Å¾umpa,1667
